user_query,ground_truth
"""Prioritize and summarize all medium severity tickets in 'OperationalEfficiency' part needing a response.""","[{""tool_name"": ""works_list"", ""arguments"": [{""argument_name"": ""ticket.severity"", ""argument_value"": [""medium""]}, {""argument_name"": ""type"", ""argument_value"": [""ticket""]}, {""argument_name"": ""applies_to_part"", ""argument_value"": [""OperationalEfficiency""]}, {""argument_name"": ""ticket.needs_response"", ""argument_value"": true}]}, {""tool_name"": ""prioritize_objects"", ""arguments"": [{""argument_name"": ""objects"", ""argument_value"": ""$$PREV[0]""}]}, {""tool_name"": ""summarize_objects"", ""arguments"": [{""argument_name"": ""objects"", ""argument_value"": ""$$PREV[1]""}]}]"
List all P2 issues needing a response from User123 in the support stage.,"[{""tool_name"": ""works_list"", ""arguments"": [{""argument_name"": ""type"", ""argument_value"": [""issue""]}, {""argument_name"": ""ticket.needs_response"", ""argument_value"": true}, {""argument_name"": ""owned_by"", ""argument_value"": [""User123""]}, {""argument_name"": ""stage.name"", ""argument_value"": [""support""]}, {""argument_name"": ""issue.priority"", ""argument_value"": [""p2""]}]}, {""tool_name"": ""summarize_objects"", ""arguments"": [{""argument_name"": ""objects"", ""argument_value"": ""$$PREV[0]""}]}]"
"List and prioritize all blocker severity tickets in the ""Quality Control"" stage for the part ""Sigma Initiative.""","[{""tool_name"": ""works_list"", ""arguments"": [{""argument_name"": ""ticket.severity"", ""argument_value"": [""blocker""]}, {""argument_name"": ""stage.name"", ""argument_value"": [""Quality Control""]}, {""argument_name"": ""applies_to_part"", ""argument_value"": [""Sigma Initiative""]}, {""argument_name"": ""type"", ""argument_value"": [""ticket""]}]}, {""tool_name"": ""prioritize_objects"", ""arguments"": [{""argument_name"": ""objects"", ""argument_value"": ""$$PREV[0]""}]}, {""tool_name"": ""prioritize_objects"", ""arguments"": [{""argument_name"": ""objects"", ""argument_value"": ""$$PREV[0]""}]}]"
"Retrieve the ID of the ""Zeta Initiative"" and add all related P2 issues to the next sprint.","[{""tool_name"": ""search_object_by_name"", ""arguments"": [{""argument_name"": ""query"", ""argument_value"": ""Zeta Initiative""}]}, {""tool_name"": ""works_list"", ""arguments"": [{""argument_name"": ""issue.priority"", ""argument_value"": [""p2""]}, {""argument_name"": ""applies_to_part"", ""argument_value"": ""$$PREV[0]""}, {""argument_name"": ""type"", ""argument_value"": [""issue""]}]}, {""tool_name"": ""get_sprint_id"", ""arguments"": []}, {""tool_name"": ""add_work_items_to_sprint"", ""arguments"": [{""argument_name"": ""work_ids"", ""argument_value"": ""$$PREV[1]""}, {""argument_name"": ""sprint_id"", ""argument_value"": ""$$PREV[2]""}]}]"
"Find all tasks related to part ""Gamma Project"" in the review stage and add them to the next sprint.","[{""tool_name"": ""works_list"", ""arguments"": [{""argument_name"": ""applies_to_part"", ""argument_value"": [""Gamma Project""]}, {""argument_name"": ""type"", ""argument_value"": [""task""]}, {""argument_name"": ""stage.name"", ""argument_value"": [""review""]}, {""argument_name"": ""type"", ""argument_value"": [""task""]}]}, {""tool_name"": ""get_sprint_id"", ""arguments"": []}, {""tool_name"": ""add_work_items_to_sprint"", ""arguments"": [{""argument_name"": ""work_ids"", ""argument_value"": ""$$PREV[0]""}, {""argument_name"": ""sprint_id"", ""argument_value"": ""$$PREV[1]""}]}]"
Find all blocker tickets in the 'testing' stage from User321 and add them to the current sprint.,"[{""tool_name"": ""works_list"", ""arguments"": [{""argument_name"": ""type"", ""argument_value"": [""ticket""]}, {""argument_name"": ""ticket.severity"", ""argument_value"": [""blocker""]}, {""argument_name"": ""stage.name"", ""argument_value"": [""testing""]}, {""argument_name"": ""owned_by"", ""argument_value"": [""User321""]}]}, {""tool_name"": ""get_sprint_id"", ""arguments"": []}, {""tool_name"": ""add_work_items_to_sprint"", ""arguments"": [{""argument_name"": ""work_ids"", ""argument_value"": ""PREV[0]""}, {""argument_name"": ""sprint_id"", ""argument_value"": ""PREV[1]""}]}]"
"Retrieve the ID of the ""Nu Ventures"" project and add related p0 priority issues to the current sprint.","[{""tool_name"": ""search_object_by_name"", ""arguments"": [{""argument_name"": ""query"", ""argument_value"": ""Nu Ventures""}]}, {""tool_name"": ""works_list"", ""arguments"": [{""argument_name"": ""issue.priority"", ""argument_value"": [""p0""]}, {""argument_name"": ""applies_to_part"", ""argument_value"": ""$$PREV[0]""}, {""argument_name"": ""type"", ""argument_value"": [""issue""]}]}, {""tool_name"": ""get_sprint_id"", ""arguments"": []}, {""tool_name"": ""add_work_items_to_sprint"", ""arguments"": [{""argument_name"": ""work_ids"", ""argument_value"": ""$$PREV[1]""}, {""argument_name"": ""sprint_id"", ""argument_value"": ""$$PREV[2]""}]}]"
"Retrieve the ID of the ""Kappa Project"" and add all related p2 priority issues to the current sprint.","[{""tool_name"": ""search_object_by_name"", ""arguments"": [{""argument_name"": ""query"", ""argument_value"": ""Kappa Project""}]}, {""tool_name"": ""works_list"", ""arguments"": [{""argument_name"": ""issue.priority"", ""argument_value"": [""p2""]}, {""argument_name"": ""applies_to_part"", ""argument_value"": ""$$PREV[0]""}, {""argument_name"": ""type"", ""argument_value"": [""issue""]}]}, {""tool_name"": ""get_sprint_id"", ""arguments"": []}, {""tool_name"": ""add_work_items_to_sprint"", ""arguments"": [{""argument_name"": ""work_ids"", ""argument_value"": ""$$PREV[1]""}, {""argument_name"": ""sprint_id"", ""argument_value"": ""$$PREV[2]""}]}]"
Find all high priority tickets from email channel for Rev Org OPQ and add them to Sprint234.,"[{""tool_name"": ""works_list"", ""arguments"": [{""argument_name"": ""type"", ""argument_value"": [""ticket""]}, {""argument_name"": ""ticket.severity"", ""argument_value"": [""high""]}, {""argument_name"": ""ticket.source_channel"", ""argument_value"": [""email""]}, {""argument_name"": ""ticket.rev_org"", ""argument_value"": [""OPQ""]}]}, {""tool_name"": ""get_sprint_id"", ""arguments"": []}, {""tool_name"": ""add_work_items_to_sprint"", ""arguments"": [{""argument_name"": ""work_ids"", ""argument_value"": ""$$PREV[0]""}, {""argument_name"": ""sprint_id"", ""argument_value"": ""Sprint234""}]}]"
List all p0 issues in the 'QA' stage for Part999 and add them to Sprint789.,"[{""tool_name"": ""works_list"", ""arguments"": [{""argument_name"": ""type"", ""argument_value"": [""issue""]}, {""argument_name"": ""issue.priority"", ""argument_value"": [""p0""]}, {""argument_name"": ""stage.name"", ""argument_value"": [""QA""]}, {""argument_name"": ""applies_to_part"", ""argument_value"": [""Part999""]}]}, {""tool_name"": ""get_sprint_id"", ""arguments"": []}, {""tool_name"": ""add_work_items_to_sprint"", ""arguments"": [{""argument_name"": ""work_ids"", ""argument_value"": ""$$PREV[0]""}, {""argument_name"": ""sprint_id"", ""argument_value"": ""Sprint789""}]}]"
"Retrieve the ID of the ""Venus Venture"" and add all related p2 priority issues to the current sprint.","[{""tool_name"": ""search_object_by_name"", ""arguments"": [{""argument_name"": ""query"", ""argument_value"": ""Venus Venture""}]}, {""tool_name"": ""works_list"", ""arguments"": [{""argument_name"": ""issue.priority"", ""argument_value"": [""p2""]}, {""argument_name"": ""applies_to_part"", ""argument_value"": ""$$PREV[0]""}, {""argument_name"": ""type"", ""argument_value"": [""issue""]}]}, {""tool_name"": ""get_sprint_id"", ""arguments"": []}, {""tool_name"": ""add_work_items_to_sprint"", ""arguments"": [{""argument_name"": ""work_ids"", ""argument_value"": ""$$PREV[1]""}, {""argument_name"": ""sprint_id"", ""argument_value"": ""$$PREV[2]""}]}]"
"Retrieve the ID of the ""Zeta Expansion"" project and add all related medium severity issues to the current sprint.","[{""tool_name"": ""search_object_by_name"", ""arguments"": [{""argument_name"": ""query"", ""argument_value"": ""Zeta Expansion""}]}, {""tool_name"": ""works_list"", ""arguments"": [{""argument_name"": ""ticket.severity"", ""argument_value"": [""medium""]}, {""argument_name"": ""applies_to_part"", ""argument_value"": ""$$PREV[0]""}, {""argument_name"": ""type"", ""argument_value"": [""issue""]}]}, {""tool_name"": ""get_sprint_id"", ""arguments"": []}, {""tool_name"": ""add_work_items_to_sprint"", ""arguments"": [{""argument_name"": ""work_ids"", ""argument_value"": ""$$PREV[1]""}, {""argument_name"": ""sprint_id"", ""argument_value"": ""$$PREV[2]""}]}]"
"Retrieve the ID of the ""Xi Project"" and add all related low severity tickets to the current sprint.","[{""tool_name"": ""search_object_by_name"", ""arguments"": [{""argument_name"": ""query"", ""argument_value"": ""Xi Project""}]}, {""tool_name"": ""works_list"", ""arguments"": [{""argument_name"": ""ticket.severity"", ""argument_value"": [""low""]}, {""argument_name"": ""applies_to_part"", ""argument_value"": ""$$PREV[0]""}, {""argument_name"": ""type"", ""argument_value"": [""ticket""]}]}, {""tool_name"": ""get_sprint_id"", ""arguments"": []}, {""tool_name"": ""add_work_items_to_sprint"", ""arguments"": [{""argument_name"": ""work_ids"", ""argument_value"": ""$$PREV[1]""}, {""argument_name"": ""sprint_id"", ""argument_value"": ""$$PREV[2]""}]}]"
"""Summarize all P1 priority issues assigned to User456 in the development stage.""","[{""tool_name"": ""works_list"", ""arguments"": [{""argument_name"": ""type"", ""argument_value"": [""issue""]},{""argument_name"": ""issue.priority"", ""argument_value"": [""p1""]}, {""argument_name"": ""owned_by"", ""argument_name"": [""User456""]}, {""argument_name"": ""stage.name"", ""argument_value"": [""development""]}]}, {""tool_name"": ""summarize_objects"", ""arguments"": [{""argument_name"": ""objects"", ""argument_value"": ""$$PREV[0]""}]}]"
Create a list of all P3 issues that need a response and are related to Rev Org DEF.,"[{""tool_name"": ""works_list"", ""arguments"": [{""argument_name"": ""type"", ""argument_value"": [""issue""]}, {""argument_name"": ""ticket.needs_response"", ""argument_value"": true}, {""argument_name"": ""issue.priority"", ""argument_value"": [""p3""]}, {""argument_name"": ""issue.rev_orgs"", ""argument_value"": [""DEF""]}]}, {""tool_name"": ""summarize_objects"", ""arguments"": [{""argument_name"": ""objects"", ""argument_value"": ""$$PREV[0]""}]}]"
"""Find all blocker tickets under part 'SecurityEnhancements', prioritize them and summarize.""","[{""tool_name"": ""works_list"", ""arguments"": [{""argument_name"": ""ticket.severity"", ""argument_value"": [""blocker""]}, {""argument_name"": ""applies_to_part"", ""argument_value"": [""SecurityEnhancements""]}, {""argument_name"": ""type"", ""argument_value"": [""ticket""]}]}, {""tool_name"": ""prioritize_objects"", ""arguments"": [{""argument_name"": ""objects"", ""argument_value"": ""$$PREV[0]""}]}, {""tool_name"": ""summarize_objects"", ""arguments"": [{""argument_name"": ""objects"", ""argument_value"": ""$$PREV[1]""}]}]"
"""Summarize my tasks in 'Software Deployment' part that are in the 'Release' stage.""","[{""tool_name"": ""who_am_i"", ""arguments"": []}, {""tool_name"": ""works_list"", ""arguments"": [{""argument_name"": ""type"", ""argument_value"": [""task""]},{""argument_name"": ""stage.name"", ""argument_value"": [""Release""]}, {""argument_name"": ""applies_to_part"", ""argument_value"": [""Software Deployment""]}, {""argument_name"": ""owned_by"", ""argument_value"": ""$$PREV[0]""}]}, {""tool_name"": ""summarize_objects"", ""arguments"": [{""argument_name"": ""objects"", ""argument_value"": ""$$PREV[1]""}]}]"
"""Summarize all tickets requiring a response in the 'product development' rev organization.""","[{""tool_name"": ""works_list"", ""arguments"": [{""argument_name"": ""type"", ""argument_value"": [""ticket""]},{""argument_name"": ""type"", ""argument_value"": [""task""]}, {""argument_name"": ""ticket.needs_response"", ""argument_value"": true}, {""argument_name"": ""issue.rev_orgs"", ""argument_value"": [""product development""]}]}, {""tool_name"": ""summarize_objects"", ""arguments"": [{""argument_name"": ""objects"", ""argument_value"": ""$$PREV[0]""}]}]"
"""Add all 'p2' priority issues in the part 'UX Research' to sprint 'Sprint500'.""","[{""tool_name"": ""works_list"", ""arguments"": [{""argument_name"": ""type"", ""argument_value"": [""issue""]},{""argument_name"": ""issue.priority"", ""argument_value"": [""p2""]}, {""argument_name"": ""applies_to_part"", ""argument_value"": [""UX Research""]}]}, {""tool_name"": ""add_work_items_to_sprint"", ""arguments"": [{""argument_name"": ""work_ids"", ""argument_value"": ""$$PREV[0]""}, {""argument_name"": ""sprint_id"", ""argument_value"": ""Sprint500""}]}]"
"""Retrieve and summarize all high priority tickets from the part 'RiskManagement' that require a response.""","[{""tool_name"": ""works_list"", ""arguments"": [{""argument_name"": ""ticket.severity"", ""argument_value"": [""high""]}, {""argument_name"": ""type"", ""argument_value"": [""ticket""]}, {""argument_name"": ""applies_to_part"", ""argument_value"": [""RiskManagement""]}, {""argument_name"": ""ticket.needs_response"", ""argument_value"": true}]}, {""tool_name"": ""summarize_objects"", ""arguments"": [{""argument_name"": ""objects"", ""argument_value"": ""$$PREV[0]""}]}]"
"""Summarize all tasks owned by me under the part 'HRSoftwareUpgrade' in 'Design' stage.""","[{""tool_name"": ""who_am_i"", ""arguments"": []}, {""tool_name"": ""works_list"", ""arguments"": [{""argument_name"": ""stage.name"", ""argument_value"": [""Design""]}, {""argument_name"": ""applies_to_part"", ""argument_value"": [""HRSoftwareUpgrade""]}, {""argument_name"": ""type"", ""argument_value"": [""task""]}, {""argument_name"": ""owned_by"", ""argument_value"": ""$$PREV[0]""}]}, {""tool_name"": ""summarize_objects"", ""arguments"": [{""argument_name"": ""objects"", ""argument_value"": ""$$PREV[1]""}]}]"
"""Find and summarise all p0 priority issues in 'ApplicationOptimization', create actionable tasks.""","[{""tool_name"": ""works_list"", ""arguments"": [{""argument_name"": ""issue.priority"", ""argument_value"": [""p0""]}, {""argument_name"": ""applies_to_part"", ""argument_value"": [""ApplicationOptimization""]}, {""argument_name"": ""type"", ""argument_value"": [""issue""]}]}, {""tool_name"": ""summarize_objects"", ""arguments"": [{""argument_name"": ""objects"", ""argument_value"": ""$$PREV[0]""}]}, {""tool_name"": ""create_actionable_tasks_from_text"", ""arguments"": [{""argument_name"": ""text"", ""argument_value"": ""$$PREV[1]""}]}]
"
"""List and summarize all high severity tickets under part 'GlobalMarketing' needing a response.""","[{""tool_name"": ""works_list"", ""arguments"": [{""argument_name"": ""ticket.severity"", ""argument_value"": [""High""]}, {""argument_name"": ""applies_to_part"", ""argument_value"": [""GlobalMarketing""]}, {""argument_name"": ""ticket.needs_response"", ""argument_value"": true}, { ""argument_name"": ""type"", ""argument_value"": [""ticket""] }]}, {""tool_name"": ""summarize_objects"", ""arguments"": [{""argument_name"": ""objects"", ""argument_value"": ""$$PREV[0]""}]}]"
List all medium severity tickets from source channel 'forum' in the 'planning' stage and summarize them.,"[{""tool_name"": ""works_list"", ""arguments"": [{""argument_name"": ""type"", ""argument_value"": [""ticket""]},{""argument_name"": ""ticket.severity"", ""argument_value"": [""medium""]}, {""argument_name"": ""stage.name"", ""argument_value"": [""planning""]}, {""argument_name"": ""ticket.source_channel"", ""argument_value"": [""forum""]}]}, {""tool_name"": ""summarize_objects"", ""arguments"": [{""argument_name"": ""objects"", ""argument_value"": ""$$PREV[0]""}]}]"
"Find and summarize all tickets related to the part ""Sigma Initiative"" in the ""Research and Development"" which need a response.","[{""tool_name"": ""works_list"", ""arguments"": [{""argument_name"": ""applies_to_part"", ""argument_value"": [""Sigma Initiative""]}, {""argument_name"": ""stage.name"", ""argument_value"": [""Research and Development""]}, {""argument_name"": ""ticket.needs_response"", ""argument_value"": true}, {""argument_name"": ""type"", ""argument_value"": [""ticket""]}]}, {""tool_name"": ""summarize_objects"", ""arguments"": [{""argument_name"": ""objects"", ""argument_value"": ""$$PREV[0]""}]}]
"
"""List and summarize all tasks in the part 'CorporateStrategy' owned by me in 'Design' stage.""","[{""tool_name"": ""who_am_i"", ""arguments"": []}, {""tool_name"": ""works_list"", ""arguments"": [{""argument_name"": ""stage.name"", ""argument_value"": [""Design""]}, {""argument_name"": ""type"", ""argument_value"": [""task""]}, {""argument_name"": ""applies_to_part"", ""argument_value"": [""CorporateStrategy""]}, {""argument_name"": ""owned_by"", ""argument_value"": ""$$PREV[0]""}]}, {""tool_name"": ""summarize_objects"", ""arguments"": [{""argument_name"": ""objects"", ""argument_value"": ""$$PREV[1]""}]}]"
"Retrieve my tasks in the 'planning' stage, summarize them, and prioritize them.","[{""tool_name"": ""who_am_i"", ""arguments"": []}, {""tool_name"": ""works_list"", ""arguments"": [{""argument_name"": ""type"", ""argument_value"": [""task""]}, {""argument_name"": ""stage.name"", ""argument_value"": [""planning""]}, {""argument_name"": ""owned_by"", ""argument_value"": ""PREV[0]""}]}, {""tool_name"": ""summarize_objects"", ""arguments"": [{""argument_name"": ""objects"", ""argument_value"": ""PREV[1]""}]}, {""tool_name"": ""prioritize_objects"", ""arguments"": [{""argument_name"": ""objects"", ""argument_value"": ""$$PREV[1]""}]}]"
"Identify all tickets in the ""Deployment"" stage assigned to User321 which are are high severity, and summarize them.","[{""tool_name"": ""works_list"", ""arguments"": [{""argument_name"": ""owned_by"", ""argument_value"": [""User321""]}, {""argument_name"": ""stage.name"", ""argument_value"": [""Deployment""]}, {""argument_name"": ""ticket.severity"", ""argument_value"": [""high""]}, {""argument_name"": ""type"", ""argument_value"": [""ticket""]}]}, {""tool_name"": ""summarize_objects"", ""arguments"": [{""argument_name"": ""objects"", ""argument_value"": ""$$PREV[0]""}]}]"
"""Find and summarize tasks in the part 'ProductQuality' at 'Assessment' stage, create actionable tasks from them.""","[{""tool_name"": ""works_list"", ""arguments"": [{""argument_name"": ""stage.name"", ""argument_value"": [""Assessment""]}, {""argument_name"": ""type"", ""argument_value"": [""task""]}, {""argument_name"": ""applies_to_part"", ""argument_value"": [""ProductQuality""]}]}, {""tool_name"": ""summarize_objects"", ""arguments"": [{""argument_name"": ""objects"", ""argument_value"": ""$$PREV[0]""}]}, {""tool_name"": ""create_actionable_tasks_from_text"", ""arguments"": [{""argument_name"": ""text"", ""argument_value"": ""$$PREV[1]""}]}]"
"""What are all my tickets in the 'Review' stage for 'Cloud Services' part? Summarize them.""","[{""tool_name"": ""who_am_i"", ""arguments"": []}, {""tool_name"": ""works_list"", ""arguments"": [{""argument_name"": ""type"", ""argument_value"": [""ticket""]},{""argument_name"": ""stage.name"", ""argument_value"": [""Review""]}, {""argument_name"": ""applies_to_part"", ""argument_value"": [""Cloud Services""]}, {""argument_name"": ""owned_by"", ""argument_value"": ""$$PREV[0]""}]}, {""tool_name"": ""summarize_objects"", ""arguments"": [{""argument_name"": ""objects"", ""argument_value"": ""$$PREV[1]""}]}]"
"""Identify all tasks under the part 'ServerMaintenance' owned by me, prioritize and summarize for review.""","[{""tool_name"": ""who_am_i"", ""arguments"": []}, {""tool_name"": ""works_list"", ""arguments"": [{""argument_name"": ""applies_to_part"", ""argument_value"": [""ServerMaintenance""]}, {""argument_name"": ""owned_by"", ""argument_value"": ""$$PREV[0]""}, {""argument_name"": ""type"", ""argument_value"": [""task""]}]}, {""tool_name"": ""prioritize_objects"", ""arguments"": [{""argument_name"": ""objects"", ""argument_value"": ""$$PREV[1]""}]}, {""tool_name"": ""summarize_objects"", ""arguments"": [{""argument_name"": ""objects"", ""argument_value"": ""$$PREV[2]""}]}]"
"Retrieve the ID of the ""Zeta Expansion"" project and add all related medium severity issues to the current sprint.","[{""tool_name"": ""search_object_by_name"", ""arguments"": [{""argument_name"": ""query"", ""argument_value"": ""Zeta Expansion""}]}, {""tool_name"": ""works_list"", ""arguments"": [{""argument_name"": ""ticket.severity"", ""argument_value"": [""medium""]}, {""argument_name"": ""applies_to_part"", ""argument_value"": ""$$PREV[0]""}, {""argument_name"": ""type"", ""argument_value"": [""issue""]}]}, {""tool_name"": ""get_sprint_id"", ""arguments"": []}, {""tool_name"": ""add_work_items_to_sprint"", ""arguments"": [{""argument_name"": ""work_ids"", ""argument_value"": ""$$PREV[1]""}, {""argument_name"": ""sprint_id"", ""argument_value"": ""$$PREV[2]""}]}]"
"Retrieve the ID of the ""Xi Project"" and add all related low severity tickets to the current sprint.","[{""tool_name"": ""search_object_by_name"", ""arguments"": [{""argument_name"": ""query"", ""argument_value"": ""Xi Project""}]}, {""tool_name"": ""works_list"", ""arguments"": [{""argument_name"": ""ticket.severity"", ""argument_value"": [""low""]}, {""argument_name"": ""applies_to_part"", ""argument_value"": ""$$PREV[0]""}, {""argument_name"": ""type"", ""argument_value"": [""ticket""]}]}, {""tool_name"": ""get_sprint_id"", ""arguments"": []}, {""tool_name"": ""add_work_items_to_sprint"", ""arguments"": [{""argument_name"": ""work_ids"", ""argument_value"": ""$$PREV[1]""}, {""argument_name"": ""sprint_id"", ""argument_value"": ""$$PREV[2]""}]}]"
"""Find all blocker tickets under part 'SecurityEnhancements', prioritize them and summarize.""","[{""tool_name"": ""works_list"", ""arguments"": [{""argument_name"": ""ticket.severity"", ""argument_value"": [""blocker""]}, {""argument_name"": ""applies_to_part"", ""argument_value"": [""SecurityEnhancements""]}, {""argument_name"": ""type"", ""argument_value"": [""ticket""]}]}, {""tool_name"": ""prioritize_objects"", ""arguments"": [{""argument_name"": ""objects"", ""argument_value"": ""$$PREV[0]""}]}, {""tool_name"": ""summarize_objects"", ""arguments"": [{""argument_name"": ""objects"", ""argument_value"": ""$$PREV[1]""}]}]"
"""Summarize my tasks in 'Software Deployment' part that are in the 'Release' stage.""","[{""tool_name"": ""who_am_i"", ""arguments"": []}, {""tool_name"": ""works_list"", ""arguments"": [{""argument_name"": ""type"", ""argument_value"": [""task""]},{""argument_name"": ""stage.name"", ""argument_value"": [""Release""]}, {""argument_name"": ""applies_to_part"", ""argument_value"": [""Software Deployment""]}, {""argument_name"": ""owned_by"", ""argument_value"": ""$$PREV[0]""}]}, {""tool_name"": ""summarize_objects"", ""arguments"": [{""argument_name"": ""objects"", ""argument_value"": ""$$PREV[1]""}]}]"
"""Summarize all tasks owned by me under the part 'HRSoftwareUpgrade' in 'Design' stage.""","[{""tool_name"": ""who_am_i"", ""arguments"": []}, {""tool_name"": ""works_list"", ""arguments"": [{""argument_name"": ""stage.name"", ""argument_value"": [""Design""]}, {""argument_name"": ""applies_to_part"", ""argument_value"": [""HRSoftwareUpgrade""]}, {""argument_name"": ""type"", ""argument_value"": [""task""]}, {""argument_name"": ""owned_by"", ""argument_value"": ""$$PREV[0]""}]}, {""tool_name"": ""summarize_objects"", ""arguments"": [{""argument_name"": ""objects"", ""argument_value"": ""$$PREV[1]""}]}]"
"""List and summarise all tasks in 'EmployeeTraining' part at 'Execution' stage, create actionable tasks from them.""","[{""tool_name"": ""works_list"", ""arguments"": [{""argument_name"": ""stage.name"", ""argument_value"": [""Execution""]}, {""argument_name"": ""applies_to_part"", ""argument_value"": [""EmployeeTraining""]}, {""argument_name"": ""type"", ""argument_value"": [""task""]}]}, {""tool_name"": ""summarize_objects"", ""arguments"": [{""argument_name"": ""objects"", ""argument_value"": ""$$PREV[0]""}]}, {""tool_name"": ""create_actionable_tasks_from_text"", ""arguments"": [{""argument_name"": ""text"", ""argument_value"": ""$$PREV[1]""}]}]
"
"""Prioritize and summarize all medium severity tickets in 'OperationalEfficiency' part needing a response.""","[{""tool_name"": ""works_list"", ""arguments"": [{""argument_name"": ""ticket.severity"", ""argument_value"": [""medium""]}, {""argument_name"": ""type"", ""argument_value"": [""ticket""]}, {""argument_name"": ""applies_to_part"", ""argument_value"": [""OperationalEfficiency""]}, {""argument_name"": ""ticket.needs_response"", ""argument_value"": true}]}, {""tool_name"": ""prioritize_objects"", ""arguments"": [{""argument_name"": ""objects"", ""argument_value"": ""$$PREV[0]""}]}, {""tool_name"": ""summarize_objects"", ""arguments"": [{""argument_name"": ""objects"", ""argument_value"": ""$$PREV[1]""}]}]"
"""Find and summarise all p0 priority issues in 'ApplicationOptimization', create actionable tasks.""","[{""tool_name"": ""works_list"", ""arguments"": [{""argument_name"": ""issue.priority"", ""argument_value"": [""p0""]}, {""argument_name"": ""applies_to_part"", ""argument_value"": [""ApplicationOptimization""]}, {""argument_name"": ""type"", ""argument_value"": [""issue""]}]}, {""tool_name"": ""summarize_objects"", ""arguments"": [{""argument_name"": ""objects"", ""argument_value"": ""$$PREV[0]""}]}, {""tool_name"": ""create_actionable_tasks_from_text"", ""arguments"": [{""argument_name"": ""text"", ""argument_value"": ""$$PREV[1]""}]}]
"
Find my issues in the 'review' stage and prioritize them.,"[{""tool_name"": ""who_am_i"", ""arguments"": []}, {""tool_name"": ""works_list"", ""arguments"": [{""argument_name"": ""type"", ""argument_value"": [""issue""]}, {""argument_name"": ""stage.name"", ""argument_value"": [""review""]}, {""argument_name"": ""owned_by"", ""argument_value"": ""PREV[0]""}]}, {""tool_name"": ""prioritize_objects"", ""arguments"": [{""argument_name"": ""objects"", ""argument_value"": ""PREV[1]""}]}]"
"""Create actionable tasks from the summary of tickets related to Part XYZ.""","[{""tool_name"": ""works_list"", ""arguments"": [{""argument_name"": ""type"", ""argument_value"": [""ticket""]},{""argument_name"": ""applies_to_part"", ""argument_value"": [""XYZ""]}]}, {""tool_name"": ""summarize_objects"", ""arguments"": [{""argument_name"": ""objects"", ""argument_value"": ""$$PREV[0]""}]}, {""tool_name"": ""create_actionable_tasks_from_text"", ""arguments"": [{""argument_name"": ""text"", ""argument_value"": ""$$PREV[1]""}]}]"
"""Find and summarize tasks in the part 'ProductQuality' at 'Assessment' stage, create actionable tasks from them.""","[{""tool_name"": ""works_list"", ""arguments"": [{""argument_name"": ""stage.name"", ""argument_value"": [""Assessment""]}, {""argument_name"": ""type"", ""argument_value"": [""task""]}, {""argument_name"": ""applies_to_part"", ""argument_value"": [""ProductQuality""]}]}, {""tool_name"": ""summarize_objects"", ""arguments"": [{""argument_name"": ""objects"", ""argument_value"": ""$$PREV[0]""}]}, {""tool_name"": ""create_actionable_tasks_from_text"", ""arguments"": [{""argument_name"": ""text"", ""argument_value"": ""$$PREV[1]""}]}]"
"Retrieve the ID of a customer named ""Blue Ocean"" and summarize all their tickets.","[{""tool_name"": ""search_object_by_name"", ""arguments"": [{""argument_name"": ""query"", ""argument_value"": ""Blue Ocean""}]}, {""tool_name"": ""works_list"", ""arguments"": [{""argument_name"": ""ticket.rev_org"", ""argument_value"": ""$$PREV[0]""}]}, {""tool_name"": ""summarize_objects"", ""arguments"": [{""argument_name"": ""objects"", ""argument_value"": ""$$PREV[1]""}]}]"
"""Summarize my tasks in the part 'Development' that are in the 'Coding' stage.""","[{""tool_name"": ""who_am_i"", ""arguments"": []}, {""tool_name"": ""works_list"", ""arguments"": [{""argument_name"": ""type"", ""argument_value"": [""task""]},{""argument_name"": ""stage.name"", ""argument_value"": [""Coding""]}, {""argument_name"": ""applies_to_part"", ""argument_value"": [""Development""]}, {""argument_name"": ""owned_by"", ""argument_value"": ""$$PREV[0]""}]}, {""tool_name"": ""summarize_objects"", ""arguments"": [{""argument_name"": ""objects"", ""argument_value"": ""$$PREV[1]""}]}]"
"""Prioritize and summarize tasks under part 'UIEnhancement' in the 'FinalReview' stage.""","[{""tool_name"": ""works_list"", ""arguments"": [{""argument_name"": ""stage.name"", ""argument_value"": [""FinalReview""]}, {""argument_name"": ""applies_to_part"", ""argument_value"": [""UIEnhancement""]}, { ""argument_name"": ""type"", ""argument_value"": [""task""] }]}, {""tool_name"": ""prioritize_objects"", ""arguments"": [{""argument_name"": ""objects"", ""argument_value"": ""$$PREV[0]""}]}, {""tool_name"": ""summarize_objects"", ""arguments"": [{""argument_name"": ""objects"", ""argument_value"": ""$$PREV[1]""}]}]"
"""Create tasks from insights derived from the summary of issues under 'Customer Feedback' project.""","[{""tool_name"": ""works_list"", ""arguments"": [{""argument_name"": ""type"", ""argument_value"": [""issue""]},{""argument_name"": ""applies_to_part"", ""argument_value"": [""Customer Feedback""]}]}, {""tool_name"": ""summarize_objects"", ""arguments"": [{""argument_name"": ""objects"", ""argument_value"": ""$$PREV[0]""}]}, {""tool_name"": ""create_actionable_tasks_from_text"", ""arguments"": [{""argument_name"": ""text"", ""argument_value"": ""$$PREV[1]""}]}]"
"""List and summarise all tasks under the part 'ProductDevelopment' in the 'Prototyping' stage, create actionable tasks.""","[{""tool_name"": ""works_list"", ""arguments"": [{""argument_name"": ""stage.name"", ""argument_value"": [""Prototyping""]}, {""argument_name"": ""applies_to_part"", ""argument_value"": [""ProductDevelopment""]}, {""argument_name"": ""type"", ""argument_value"": [""task""]}]}, {""tool_name"": ""summarize_objects"", ""arguments"": [{""argument_name"": ""objects"", ""argument_value"": ""$$PREV[0]""}]}, {""tool_name"": ""create_actionable_tasks_from_text"", ""arguments"": [{""argument_name"": ""text"", ""argument_value"": ""$$PREV[1]""}]}]
"
"""List and prioritize all P1 priority issues in the part 'TechnologyUpgrade', summarize for project planning.""","[{""tool_name"": ""works_list"", ""arguments"": [{""argument_name"": ""issue.priority"", ""argument_value"": [""p1""]}, {""argument_name"": ""type"", ""argument_value"": [""issue""]}, {""argument_name"": ""applies_to_part"", ""argument_value"": [""TechnologyUpgrade""]}]}, {""tool_name"": ""prioritize_objects"", ""arguments"": [{""argument_name"": ""objects"", ""argument_value"": ""$$PREV[0]""}]}, {""tool_name"": ""summarize_objects"", ""arguments"": [{""argument_name"": ""objects"", ""argument_value"": ""$$PREV[1]""}]}]"
"""Summarize my tasks in 'Quality Assurance' part that are in the 'Testing' stage.""","[{""tool_name"": ""who_am_i"", ""arguments"": []}, {""tool_name"": ""works_list"", ""arguments"": [{""argument_name"": ""type"", ""argument_value"": [""task""]},{""argument_name"": ""stage.name"", ""argument_value"": [""Testing""]}, {""argument_name"": ""applies_to_part"", ""argument_value"": [""Quality Assurance""]}, {""argument_name"": ""owned_by"", ""argument_value"": ""$$PREV[0]""}]}, {""tool_name"": ""summarize_objects"", ""arguments"": [{""argument_name"": ""objects"", ""argument_value"": ""$$PREV[1]""}]}]"
"""Retrieve all tasks from part 'SalesForceIntegration' in the 'Review' stage, prioritize, and summarize them.""","[{""tool_name"": ""works_list"", ""arguments"": [{""argument_name"": ""stage.name"", ""argument_value"": [""Review""]}, {""argument_name"": ""applies_to_part"", ""argument_value"": [""SalesForceIntegration""]}, {""argument_name"": ""type"", ""argument_value"": [""task""]}]}, {""tool_name"": ""prioritize_objects"", ""arguments"": [{""argument_name"": ""objects"", ""argument_value"": ""$$PREV[0]""}]}, {""tool_name"": ""summarize_objects"", ""arguments"": [{""argument_name"": ""objects"", ""argument_value"": ""$$PREV[1]""}]}]"
"""Create tasks from insights derived from the summary of issues under the 'Quality Assurance' initiative.""","[{""tool_name"": ""works_list"", ""arguments"": [{""argument_name"": ""type"", ""argument_value"": [""issue""]}, {""argument_name"": ""applies_to_part"", ""argument_value"": [""Quality Assurance""]}]}, {""tool_name"": ""summarize_objects"", ""arguments"": [{""argument_name"": ""objects"", ""argument_value"": ""$$PREV[0]""}]}, {""tool_name"": ""create_actionable_tasks_from_text"", ""arguments"": [{""argument_name"": ""text"", ""argument_value"": ""$$PREV[1]""}]}]"
"""What are all my issues in the 'Debugging' stage related to 'Software Development' part? Summarize them.""","[{""tool_name"": ""who_am_i"", ""arguments"": []}, {""tool_name"": ""works_list"", ""arguments"": [{""argument_name"": ""type"", ""argument_value"": [""issue""]},{""argument_name"": ""stage.name"", ""argument_value"": [""Debugging""]}, {""argument_name"": ""applies_to_part"", ""argument_value"": [""Software Development""]}, {""argument_name"": ""owned_by"", ""argument_value"": ""$$PREV[0]""}]}, {""tool_name"": ""summarize_objects"", ""arguments"": [{""argument_name"": ""objects"", ""argument_value"": ""$$PREV[1]""}]}]"
"Prioritize all P1 issues from the ""Operations"" rev organization.","[{""tool_name"": ""works_list"", ""arguments"": [{""argument_name"": ""issue.priority"", ""argument_value"": [""p1""]}, {""argument_name"": ""issue.rev_orgs"", ""argument_value"": [""Operations""]}, {""argument_name"": ""type"", ""argument_value"": [""issue""]}]}, {""tool_name"": ""prioritize_objects"", ""arguments"": [{""argument_name"": ""objects"", ""argument_value"": ""$$PREV[0]""}]}, {""tool_name"": ""prioritize_objects"", ""arguments"": [{""argument_name"": ""objects"", ""argument_value"": ""$$PREV[0]""}]}]"
"""Create actionable tasks from the summary of latest 25 tickets reported by User900.""","[{""tool_name"": ""works_list"", ""arguments"": [{""argument_name"": ""type"", ""argument_value"": [""task""]}, {""argument_name"": ""created_by"", ""argument_value"": [""User900""]}, {""argument_name"": ""limit"", ""argument_value"": 25}]}, {""tool_name"": ""summarize_objects"", ""arguments"": [{""argument_name"": ""objects"", ""argument_value"": ""$$PREV[0]""}]}, {""tool_name"": ""create_actionable_tasks_from_text"", ""arguments"": [{""argument_name"": ""text"", ""argument_value"": ""$$PREV[1]""}]}]"
"""Prioritize all medium severity tickets in the part 'DataAnalytics', add them to the current sprint.""","[{""tool_name"": ""get_sprint_id"", ""arguments"": []}, {""tool_name"": ""works_list"", ""arguments"": [{""argument_name"": ""ticket.severity"", ""argument_value"": [""medium""]}, {""argument_name"": ""type"", ""argument_value"": [""ticket""]}, {""argument_name"": ""applies_to_part"", ""argument_value"": [""DataAnalytics""]}]}, {""tool_name"": ""add_work_items_to_sprint"", ""arguments"": [{""argument_name"": ""work_ids"", ""argument_value"": ""$$PREV[1]""}, {""argument_name"": ""sprint_id"", ""argument_value"": ""$$PREV[0]""}]}]"
"Retrieve the ID of the ""Zeta Expansion"" project and add all related medium severity issues to the current sprint.","[{""tool_name"": ""search_object_by_name"", ""arguments"": [{""argument_name"": ""query"", ""argument_value"": ""Zeta Expansion""}]}, {""tool_name"": ""works_list"", ""arguments"": [{""argument_name"": ""ticket.severity"", ""argument_value"": [""medium""]}, {""argument_name"": ""applies_to_part"", ""argument_value"": ""$$PREV[0]""}, {""argument_name"": ""type"", ""argument_value"": [""issue""]}]}, {""tool_name"": ""get_sprint_id"", ""arguments"": []}, {""tool_name"": ""add_work_items_to_sprint"", ""arguments"": [{""argument_name"": ""work_ids"", ""argument_value"": ""$$PREV[1]""}, {""argument_name"": ""sprint_id"", ""argument_value"": ""$$PREV[2]""}]}]"
