,query,groundJson,predicted_json,latency (in seconds),queryCost,queryTokens
0,"""List all tasks in the 'review' stage for the frontend part FE-202.""","[{""tool_name"": ""works_list"", ""arguments"": [{""argument_name"": ""stage.name"", ""argument_value"": [""review""]}, {""argument_name"": ""applies_to_part"", ""argument_value"": [""FE-202""]}]}]","[{""tool_name"": ""works_list"", ""arguments"": [{""argument_name"": ""type"", ""argument_value"": ""[task]""}, {""argument_name"": ""stage.name"", ""argument_value"": ""[review]""}, {""argument_name"": ""applies_to_part"", ""argument_value"": ""[FE-202]""}]}]",14.51,0.00902,5537
1,Create actionable tasks from the project report for Project Gamma.,"[{""tool_name"": ""create_actionable_tasks_from_text"", ""arguments"": [{""argument_name"": ""text"", ""argument_value"": ""Project report for Project Gamma""}]}]","[{""tool_name"": ""create_actionable_tasks_from_text"", ""arguments"": [{""argument_name"": ""text"", ""argument_value"": ""Project report for Project Gamma""}]}, {""tool_name"": ""works_list"", ""arguments"": [{""argument_name"": ""applies_to_part"", ""argument_value"": ""[Project Gamma]""}]}, {""tool_name"": ""works_list"", ""arguments"": [{""argument_name"": ""type"", ""argument_value"": ""[task]""}]}, {""tool_name"": ""works_list"", ""arguments"": [{""argument_name"": ""created_by"", ""argument_value"": ""[Project Gamma]""}]}, {""tool_name"": ""works_list"", ""arguments"": [{""argument_name"": ""stage.name"", ""argument_value"": ""[project]""}, {""argument_name"": ""applies_to_part"", ""argument_value"": ""[stage.name]""}]}, {""tool_name"": ""works_list"", ""arguments"": [{""argument_name"": ""type"", ""argument_value"": ""[ticket]""}, {""argument_name"": ""ticket.source_channel"", ""argument_value"": ""project report""}]}, {""tool_name"": ""works_list"", ""arguments"": [{""argument_name"": ""type"", ""argument_value"": ""[True]""}, {""argument_name"": ""ticket.needs_response"", ""argument_value"": ""True""}]}, {""tool_name"": ""works_list"", ""arguments"": [{""argument_name"": ""ticket.rev_org"", ""argument_value"": ""['project report']""}]}, {""tool_name"": ""works_list"", ""arguments"": [{""argument_name"": ""type"", ""argument_value"": ""[issues]""}]}, {""tool_name"": ""works_list"", ""arguments"": [{""argument_name"": ""issue.rev_orgs"", ""argument_value"": ""['project report']""}]}, {""tool_name"": ""works_list"", ""arguments"": []}]",52.48,0.04276,27186
2,"""Retrieve all high severity tickets from the part 'ITSupport' which need a response.""","[{""tool_name"": ""works_list"", ""arguments"": [{""argument_name"": ""ticket.severity"", ""argument_value"": [""high""]}, {""argument_name"": ""applies_to_part"", ""argument_value"": [""ITSupport""]}, {""argument_name"": ""type"", ""argument_value"": [""ticket""]}, {""argument_name"": ""ticket.needs_response"", ""argument_value"": true}]}]","[{""tool_name"": ""works_list"", ""arguments"": [{""argument_name"": ""ticket.severity"", ""argument_value"": ""[high]""}, {""argument_name"": ""applies_to_part"", ""argument_value"": ""[ITSupport]""}, {""argument_name"": ""ticket.needs_response"", ""argument_value"": ""True""}]}]",10.78,0.00883,5481
3,"""List all tasks in the 'review' stage for the frontend part FE-202.""","[{""tool_name"": ""works_list"", ""arguments"": [{""argument_name"": ""stage.name"", ""argument_value"": [""review""]}, {""argument_name"": ""applies_to_part"", ""argument_value"": [""FE-202""]}]}]","[{""tool_name"": ""works_list"", ""arguments"": [{""argument_name"": ""limit"", ""argument_value"": ""all""}, {""argument_name"": ""type"", ""argument_value"": ""[task]""}, {""argument_name"": ""stage.name"", ""argument_value"": ""['review']""}, {""argument_name"": ""applies_to_part"", ""argument_value"": ""[FE-202]""}]}]",27.97,0.02808,5224
4,Create actionable tasks from the project report for Project Gamma.,"[{""tool_name"": ""create_actionable_tasks_from_text"", ""arguments"": [{""argument_name"": ""text"", ""argument_value"": ""Project report for Project Gamma""}]}]","[{""tool_name"": ""create_actionable_tasks_from_text"", ""arguments"": [{""argument_name"": ""text"", ""argument_value"": ""\""Project Gamma report\""""}]}]",12.87,0.02355,3402
5,"""Retrieve all high severity tickets from the part 'ITSupport' which need a response.""","[{""tool_name"": ""works_list"", ""arguments"": [{""argument_name"": ""ticket.severity"", ""argument_value"": [""high""]}, {""argument_name"": ""applies_to_part"", ""argument_value"": [""ITSupport""]}, {""argument_name"": ""type"", ""argument_value"": [""ticket""]}, {""argument_name"": ""ticket.needs_response"", ""argument_value"": true}]}]",[],6.22,0.00556,1617
6,"""Create tasks from this text: 'Upgrade network infrastructure and review cybersecurity policies.'""","[{""tool_name"": ""create_actionable_tasks_from_text"", ""arguments"": [{""argument_name"": ""text"", ""argument_value"": ""Upgrade network infrastructure and review cybersecurity policies""}]}]","[{""tool_name"": ""create_actionable_tasks_from_text"", ""arguments"": [{""argument_name"": ""text"", ""argument_value"": ""\""Upgrade network infrastructure and review cybersecurity policies.\""""}]}]",16.26,0.02325,3424
7,"""Retrieve all blocker tickets from the part 'InfrastructureImprovement', which need a response.""","[{""tool_name"": ""works_list"", ""arguments"": [{""argument_name"": ""ticket.severity"", ""argument_value"": [""blocker""]}, {""argument_name"": ""type"", ""argument_value"": [""ticket""]}, {""argument_name"": ""applies_to_part"", ""argument_value"": [""InfrastructureImprovement""]}, {""argument_name"": ""ticket.needs_response"", ""argument_value"": true}]}]","[{""tool_name"": ""works_list"", ""arguments"": [{""argument_name"": ""type"", ""argument_value"": ""['ticket']""}, {""argument_name"": ""ticket.severity"", ""argument_value"": ""[blocker]""}, {""argument_name"": ""applies_to_part"", ""argument_value"": ""[InfrastructureImprovement]""}, {""argument_name"": ""ticket.needs_response"", ""argument_value"": ""True""}]}]",22.53,0.02859,5408
8,Create actionable tasks from the text 'feedback report of Project Delta'.,"[{""tool_name"": ""create_actionable_tasks_from_text"", ""arguments"": [{""argument_name"": ""text"", ""argument_value"": ""Feedback report of Project Delta""}]}]","[{""tool_name"": ""create_actionable_tasks_from_text"", ""arguments"": [{""argument_name"": ""text"", ""argument_value"": ""'feedback report of Project Delta'""}]}]",15.54,0.02355,3407
9,Identify all tickets in the deployment stage which have sevirity as blocker.,"[{""tool_name"": ""works_list"", ""arguments"": [{""argument_name"": ""stage.name"", ""argument_value"": [""deployment""]}, {""argument_name"": ""ticket.severity"", ""argument_value"": [""blocker""]}, {""argument_name"": ""type"", ""argument_value"": [""ticket""]}]}]","[{""tool_name"": ""works_list"", ""arguments"": [{""argument_name"": ""type"", ""argument_value"": ""['ticket.severity', 'blocker']""}, {""argument_name"": ""ticket.severity"", ""argument_value"": ""[blocker]""}, {""argument_name"": ""stage.name"", ""argument_value"": ""[deployment]""}]}]",14.57,0.02468,4498
10,"Identify all tasks in the ""Completed"" stage for the part ""Delta Endeavor"" and summarize them.","[{""tool_name"": ""works_list"", ""arguments"": [{""argument_name"": ""stage.name"", ""argument_value"": [""Completed""]}, {""argument_name"": ""type"", ""argument_value"": [""task""]}, {""argument_name"": ""applies_to_part"", ""argument_value"": [""Delta Endeavor""]}, {""argument_name"": ""type"", ""argument_value"": [""task""]}]}]","[{""tool_name"": ""works_list"", ""arguments"": [{""argument_name"": ""type"", ""argument_value"": ""[task]""}, {""argument_name"": ""stage.name"", ""argument_value"": ""[Completed]""}, {""argument_name"": ""applies_to_part"", ""argument_value"": ""[Delta Endeavor]""}]}, {""tool_name"": ""summarize_objects"", ""arguments"": [{""argument_name"": ""objects"", ""argument_value"": ""[0]""}]}]",21.95,0.04009,6010
11,"""List all high severity tickets in the 'deployment' stage created by User999.""","[{""tool_name"": ""works_list"", ""arguments"": [{""argument_name"": ""type"", ""argument_value"": [""ticket""]}, {""argument_name"": ""ticket.severity"", ""argument_value"": [""high""]}, {""argument_name"": ""stage.name"", ""argument_value"": [""deployment""]}, {""argument_name"": ""created_by"", ""argument_value"": [""User999""]}]}]","[{""tool_name"": ""works_list"", ""arguments"": [{""argument_name"": ""type"", ""argument_value"": ""['ticket']""}, {""argument_name"": ""ticket.severity"", ""argument_value"": ""[high]""}, {""argument_name"": ""stage.name"", ""argument_value"": ""['deployment']""}, {""argument_name"": ""created_by"", ""argument_value"": ""[User999]""}]}]",22.01,0.02907,5226
12,"""Locate the ID of a part named 'MainComponent' in our system.""","[{""tool_name"": ""search_object_by_name"", ""arguments"": [{""argument_name"": ""query"", ""argument_value"": ""MainComponent""}]}]","[{""tool_name"": ""search_object_by_name"", ""arguments"": [{""argument_name"": ""query"", ""argument_value"": ""MainComponent""}]}]",8.55,0.02208,3355
0,"""Identify work items similar to the task 'TASK-456' and prioritize them.""","[{""tool_name"": ""get_similar_work_items"", ""arguments"": [{""argument_name"": ""work_id"", ""argument_value"": ""TASK-456""}]}, {""tool_name"": ""prioritize_objects"", ""arguments"": [{""argument_name"": ""objects"", ""argument_value"": ""$$PREV[0]""}]}]",[],11.81,0.00505,1520
1,"""Generate a list and summarize of tickets needing a response in the 'Marketing' part.""","[{""tool_name"": ""works_list"", ""arguments"": [{""argument_name"": ""type"", ""argument_value"": [""ticket""]},{""argument_name"": ""ticket.needs_response"", ""argument_value"": true}, {""argument_name"": ""applies_to_part"", ""argument_value"": [""Marketing""]}]}, {""tool_name"": ""summarize_objects"", ""arguments"": [{""argument_name"": ""objects"", ""argument_value"": ""$$PREV[0]""}]}]","[{""tool_name"": ""works_list"", ""arguments"": [{""argument_name"": ""type"", ""argument_value"": ""['ticket']""}, {""argument_name"": ""applies_to_part"", ""argument_value"": ""[Marketing]""}, {""argument_name"": ""ticket.needs_response"", ""argument_value"": ""True""}]}, {""tool_name"": ""summarize_objects"", ""arguments"": [{""argument_name"": ""objects"", ""argument_value"": ""['the objects to be summarized']""}]}, {""tool_name"": ""works_list"", ""arguments"": [{""argument_name"": ""type"", ""argument_value"": ""['ticket']""}, {""argument_name"": ""applies_to_part"", ""argument_value"": ""[Marketing]""}, {""argument_name"": ""ticket.needs_response"", ""argument_value"": ""True""}]}, {""tool_name"": ""summarize_objects"", ""arguments"": [{""argument_name"": ""objects"", ""argument_value"": ""['the objects to be summarized']""}]}, {""tool_name"": ""works_list"", ""arguments"": [{""argument_name"": ""type"", ""argument_value"": ""['ticket']""}, {""argument_name"": ""applies_to_part"", ""argument_value"": ""[Marketing]""}, {""argument_name"": ""ticket.needs_response"", ""argument_value"": ""True""}]}, {""tool_name"": ""summarize_objects"", ""arguments"": [{""argument_name"": ""objects"", ""argument_value"": ""['the objects to be summarized']""}]}]",101.81,0.13531,17071
2,Identify all high severity tickets for Rev Org UVW in the 'analysis' stage and add them to Sprint567.,"[{""tool_name"": ""works_list"", ""arguments"": [{""argument_name"": ""type"", ""argument_value"": [""ticket""]}, {""argument_name"": ""ticket.severity"", ""argument_value"": [""high""]}, {""argument_name"": ""stage.name"", ""argument_value"": [""analysis""]}, {""argument_name"": ""ticket.rev_org"", ""argument_value"": [""UVW""]}]}, {""tool_name"": ""add_work_items_to_sprint"", ""arguments"": [{""argument_name"": ""work_ids"", ""argument_value"": ""$$PREV[0]""}, {""argument_name"": ""sprint_id"", ""argument_value"": ""Sprint567""}]}]","[{""tool_name"": ""works_list"", ""arguments"": [{""argument_name"": ""ticket.severity"", ""argument_value"": ""[high]""}, {""argument_name"": ""stage.name"", ""argument_value"": ""[analysis]""}, {""argument_name"": ""ticket.rev_org"", ""argument_value"": ""[UVW]""}]}, {""tool_name"": ""add_work_items_to_sprint"", ""arguments"": [{""argument_name"": ""work_ids"", ""argument_value"": ""[NONE]""}, {""argument_name"": ""sprint_id"", ""argument_value"": ""Sprint567""}]}]",34.18,0.04588,7002
3,"""Prioritize all issues in the 'data analysis' stage with p2 priority from the 'Data Science' rev organization.""","[{""tool_name"": ""works_list"", ""arguments"": [{""argument_name"": ""type"", ""argument_value"": [""issue""]}, {""argument_name"": ""stage.name"", ""argument_value"": [""data analysis""]}, {""argument_name"": ""issue.priority"", ""argument_value"": [""p2""]}, {""argument_name"": ""issue.rev_orgs"", ""argument_value"": [""Data Science""]}]}, {""tool_name"": ""prioritize_objects"", ""arguments"": [{""argument_name"": ""objects"", ""argument_value"": ""$$PREV[0]""}]}]","[{""tool_name"": ""works_list"", ""arguments"": [{""argument_name"": ""issue.priority"", ""argument_value"": ""p2""}, {""argument_name"": ""type"", ""argument_value"": ""['issues']""}, {""argument_name"": ""ticket.severity"", ""argument_value"": ""[p2]""}, {""argument_name"": ""stage.name"", ""argument_value"": ""['data analysis']""}, {""argument_name"": ""issue.rev_orgs"", ""argument_value"": ""[Data Science]""}]}, {""tool_name"": ""works_list"", ""arguments"": [{""argument_name"": ""issue.priority"", ""argument_value"": ""p2""}, {""argument_name"": ""type"", ""argument_value"": ""['issues']""}, {""argument_name"": ""ticket.severity"", ""argument_value"": ""[p2]""}, {""argument_name"": ""stage.name"", ""argument_value"": ""['data analysis']""}, {""argument_name"": ""issue.rev_orgs"", ""argument_value"": ""[Data Science]""}]}, {""tool_name"": ""prioritize_objects"", ""arguments"": [{""argument_name"": ""objects"", ""argument_value"": ""['works_list']""}]}, {""tool_name"": ""works_list"", ""arguments"": [{""argument_name"": ""issue.priority"", ""argument_value"": ""p2""}, {""argument_name"": ""type"", ""argument_value"": ""['issues']""}, {""argument_name"": ""ticket.severity"", ""argument_value"": ""[p2]""}, {""argument_name"": ""stage.name"", ""argument_value"": ""['data analysis']""}, {""argument_name"": ""issue.rev_orgs"", ""argument_value"": ""[Data Science]""}]}, {""tool_name"": ""works_list"", ""arguments"": [{""argument_name"": ""issue.priority"", ""argument_value"": ""p2""}, {""argument_name"": ""type"", ""argument_value"": ""['issues']""}, {""argument_name"": ""ticket.severity"", ""argument_value"": ""[p2]""}, {""argument_name"": ""stage.name"", ""argument_value"": ""['data analysis']""}, {""argument_name"": ""issue.rev_orgs"", ""argument_value"": ""[Data Science]""}]}, {""tool_name"": ""prioritize_objects"", ""arguments"": [{""argument_name"": ""objects"", ""argument_value"": ""['works_list']""}]}, {""tool_name"": ""prioritize_objects"", ""arguments"": [{""argument_name"": ""objects"", ""argument_value"": ""['works_list']""}]}]",124.58,0.15205,21942
4,Show me all tasks I own that are in the QA stage.,"[{""tool_name"": ""who_am_i"", ""arguments"": []}, {""tool_name"": ""works_list"", ""arguments"": [{""argument_name"": ""stage.name"", ""argument_value"": [""QA""]}, {""argument_name"": ""owned_by"", ""argument_value"": ""$$PREV[0]""}, {""argument_name"": ""type"", ""argument_value"": [""task""]}]}]","[{""tool_name"": ""who_am_i"", ""arguments"": []}, {""tool_name"": ""works_list"", ""arguments"": [{""argument_name"": ""limit"", ""argument_value"": ""\""all\""""}, {""argument_name"": ""type"", ""argument_value"": ""[task]""}, {""argument_name"": ""stage.name"", ""argument_value"": ""[\""QA\""]""}, {""argument_name"": ""owned_by"", ""argument_value"": ""['$$PREV[0]']""}]}]",28.82,0.04267,6611
5,Retrieve all issues related to Rev Org JKL in the 'feedback' stage and prioritize them.,"[{""tool_name"": ""works_list"", ""arguments"": [{""argument_name"": ""type"", ""argument_value"": [""issue""]}, {""argument_name"": ""stage.name"", ""argument_value"": [""feedback""]}, {""argument_name"": ""issue.rev_orgs"", ""argument_value"": [""JKL""]}]}, {""tool_name"": ""prioritize_objects"", ""arguments"": [{""argument_name"": ""objects"", ""argument_value"": ""$$PREV[0]""}]}]","[{""tool_name"": ""works_list"", ""arguments"": [{""argument_name"": ""type"", ""argument_value"": ""[issues]""}, {""argument_name"": ""stage.name"", ""argument_value"": ""[feedback]""}, {""argument_name"": ""issue.rev_orgs"", ""argument_value"": ""[JKL]""}]}, {""tool_name"": ""prioritize_objects"", ""arguments"": [{""argument_name"": ""objects"", ""argument_value"": ""['work items']""}]}]",32.09,0.03931,6155
6,"""Find all tasks in the part 'Project Zeta', summarize them, and prioritize based on urgency.""","[{""tool_name"": ""works_list"", ""arguments"": [{""argument_name"": ""type"", ""argument_value"": [""task""]},{""argument_name"": ""applies_to_part"", ""argument_value"": ""Project Zeta""}]}, {""tool_name"": ""summarize_objects"", ""arguments"": [{""argument_name"": ""objects"", ""argument_value"": ""$$PREV[0]""}]}, {""tool_name"": ""prioritize_objects"", ""arguments"": [{""argument_name"": ""objects"", ""argument_value"": ""$$PREV[0]""}]}]","[{""tool_name"": ""works_list"", ""arguments"": [{""argument_name"": ""limit"", ""argument_value"": ""all""}, {""argument_name"": ""type"", ""argument_value"": ""[task]""}, {""argument_name"": ""applies_to_part"", ""argument_value"": ""[Project Zeta]""}]}, {""tool_name"": ""summarize_objects"", ""arguments"": [{""argument_name"": ""objects"", ""argument_value"": ""works_list""}]}, {""tool_name"": ""prioritize_objects"", ""arguments"": [{""argument_name"": ""objects"", ""argument_value"": ""['1']""}]}]",44.24,0.05556,7541
7,"""Prioritize all tickets in the 'design' stage that have high severity tickets from the 'Infrastructure' department.""","[{""tool_name"": ""works_list"", ""arguments"": [{""argument_name"": ""stage.name"", ""argument_value"": [""design""]}, {""argument_name"": ""type"", ""argument_value"": [""ticket""]},  {""argument_name"": ""ticket.severity"", ""argument_value"": [""high""]}, {""argument_name"": ""ticket.rev_orgs"", ""argument_value"": [""Infrastructure""]}]}, {""tool_name"": ""prioritize_objects"", ""arguments"": [{""argument_name"": ""objects"", ""argument_value"": ""$$PREV[0]""}]}]","[{""tool_name"": ""works_list"", ""arguments"": [{""argument_name"": ""type"", ""argument_value"": ""['ticket']""}, {""argument_name"": ""ticket.severity"", ""argument_value"": ""[high]""}, {""argument_name"": ""stage.name"", ""argument_value"": ""[design]""}, {""argument_name"": ""ticket.rev_org"", ""argument_value"": ""[Infrastructure]""}]}, {""tool_name"": ""works_list"", ""arguments"": [{""argument_name"": ""type"", ""argument_value"": ""['ticket']""}, {""argument_name"": ""ticket.severity"", ""argument_value"": ""[high]""}, {""argument_name"": ""stage.name"", ""argument_value"": ""[design]""}, {""argument_name"": ""ticket.rev_org"", ""argument_value"": ""[Infrastructure]""}]}, {""tool_name"": ""works_list"", ""arguments"": [{""argument_name"": ""type"", ""argument_value"": ""['ticket']""}, {""argument_name"": ""ticket.severity"", ""argument_value"": ""[high]""}, {""argument_name"": ""stage.name"", ""argument_value"": ""[design]""}, {""argument_name"": ""ticket.rev_org"", ""argument_value"": ""[Infrastructure]""}]}, {""tool_name"": ""works_list"", ""arguments"": [{""argument_name"": ""type"", ""argument_value"": ""['ticket']""}, {""argument_name"": ""ticket.severity"", ""argument_value"": ""[high]""}, {""argument_name"": ""stage.name"", ""argument_value"": ""[design]""}, {""argument_name"": ""ticket.rev_org"", ""argument_value"": ""[Infrastructure]""}]}]",89.3,0.09908,16653
8,"""Find all tasks under the part 'UserInterfaceUpgrade' in the 'Testing' stage, summarize and prioritize them.""","[{""tool_name"": ""works_list"", ""arguments"": [{""argument_name"": ""stage.name"", ""argument_value"": [""Testing""]}, {""argument_name"": ""applies_to_part"", ""argument_value"": [""UserInterfaceUpgrade""]}, {""argument_name"": ""type"", ""argument_value"": [""task""]}]}, {""tool_name"": ""prioritize_objects"", ""arguments"": [{""argument_name"": ""objects"", ""argument_value"": ""$$PREV[0]""}]}, {""tool_name"": ""summarize_objects"", ""arguments"": [{""argument_name"": ""objects"", ""argument_value"": ""$$PREV[1]""}]}]","[{""tool_name"": ""works_list"", ""arguments"": [{""argument_name"": ""type"", ""argument_value"": ""[task]""}, {""argument_name"": ""stage.name"", ""argument_value"": ""[Testing]""}, {""argument_name"": ""applies_to_part"", ""argument_value"": ""[UserInterfaceUpgrade]""}]}, {""tool_name"": ""summarize_objects"", ""arguments"": [{""argument_name"": ""objects"", ""argument_value"": ""['tasks']""}]}, {""tool_name"": ""prioritize_objects"", ""arguments"": [{""argument_name"": ""objects"", ""argument_value"": ""['summarized tasks']""}]}]",34.97,0.05377,7865
9,"Retrieve and prioritize tickets from the ""Client Feedback"" source channel.","[{""tool_name"": ""works_list"", ""arguments"": [{""argument_name"": ""ticket.source_channel"", ""argument_value"": [""Client Feedback""]}, {""argument_name"": ""type"", ""argument_value"": [""ticket""]}]}, {""tool_name"": ""prioritize_objects"", ""arguments"": [{""argument_name"": ""objects"", ""argument_value"": ""$$PREV[0]""}]}]","[{""tool_name"": ""works_list"", ""arguments"": [{""argument_name"": ""limit"", ""argument_value"": ""all""}, {""argument_name"": ""type"", ""argument_value"": ""[Client Feedback]""}, {""argument_name"": ""ticket.source_channel"", ""argument_value"": ""Client Feedback""}]}, {""tool_name"": ""prioritize_objects"", ""arguments"": [{""argument_name"": ""objects"", ""argument_value"": ""['works_list']""}]}]",25.27,0.03751,5791
0,"""Find similar tasks to TSK-400, summarize them, and add them to the sprint.""","[{""tool_name"": ""get_similar_work_items"", ""arguments"": [{""argument_name"": ""work_id"", ""argument_value"": ""TSK-400""}]}, {""tool_name"": ""summarize_objects"", ""arguments"": [{""argument_name"": ""objects"", ""argument_value"": ""$$PREV[0]""}]}, {""tool_name"": ""get_sprint_id"", ""arguments"": []}, {""tool_name"": ""add_work_items_to_sprint"", ""arguments"": [{""argument_name"": ""work_ids"", ""argument_value"": ""$$PREV[0]""}, {""argument_name"": ""sprint_id"", ""argument_value"": ""$$PREV[2]""}]}]","[{""tool_name"": ""get_similar_work_items"", ""arguments"": [{""argument_name"": ""work_id"", ""argument_value"": ""TSK-400""}]}, {""tool_name"": ""summarize_objects"", ""arguments"": [{""argument_name"": ""objects"", ""argument_value"": ""['similar work items']""}]}, {""tool_name"": ""get_sprint_id"", ""arguments"": []}, {""tool_name"": ""add_work_items_to_sprint"", ""arguments"": [{""argument_name"": ""work_ids"", ""argument_value"": ""['$$PREV[0]']""}, {""argument_name"": ""sprint_id"", ""argument_value"": ""$$PREV[2]""}]}]",44.88,0.06826,8320
1,"""Identify and prioritize tasks similar to 'TASK-321' in the part 'Research and Development' area.""","[{""tool_name"": ""get_similar_work_items"", ""arguments"": [{""argument_name"": ""work_id"", ""argument_value"": ""TASK-321""}]}, {""tool_name"": ""works_list"", ""arguments"": [{""argument_name"": ""type"", ""argument_value"": [""task""]},{""argument_name"": ""applies_to_part"", ""argument_value"": [""Research and Development""]}]}, {""tool_name"": ""prioritize_objects"", ""arguments"": [{""argument_name"": ""objects"", ""argument_value"": ""$$PREV[1]""}]}]",[],5.98,0.00546,1576
2,"""Add all 'p2' priority issues related to 'Infrastructure' part to sprint 'Sprint200'.""","[{""tool_name"": ""works_list"", ""arguments"": [{""argument_name"": ""type"", ""argument_value"": [""issue""]},{""argument_name"": ""issue.priority"", ""argument_value"": [""p2""]}, {""argument_name"": ""applies_to_part"", ""argument_value"": [""Infrastructure""]}]}, {""tool_name"": ""get_sprint_id"", ""arguments"": []}, {""tool_name"": ""add_work_items_to_sprint"", ""arguments"": [{""argument_name"": ""work_ids"", ""argument_value"": ""$$PREV[0]""}, {""argument_name"": ""sprint_id"", ""argument_value"": ""Sprint200""}]}]","[{""tool_name"": ""works_list"", ""arguments"": [{""argument_name"": ""issue.priority"", ""argument_value"": ""p2""}, {""argument_name"": ""type"", ""argument_value"": ""['issues']""}, {""argument_name"": ""applies_to_part"", ""argument_value"": ""[Infrastructure]""}]}]",27.71,0.02726,5151
3,"""Find similar work items to TSK-300, summarize them, and add them to the current sprint.""","[{""tool_name"": ""get_similar_work_items"", ""arguments"": [{""argument_name"": ""work_id"", ""argument_value"": ""TSK-300""}]}, {""tool_name"": ""summarize_objects"", ""arguments"": [{""argument_name"": ""objects"", ""argument_value"": ""$$PREV[0]""}]}, {""tool_name"": ""get_sprint_id"", ""arguments"": []}, {""tool_name"": ""add_work_items_to_sprint"", ""arguments"": [{""argument_name"": ""work_ids"", ""argument_value"": ""$$PREV[0]""}, {""argument_name"": ""sprint_id"", ""argument_value"": ""$$PREV[2]""}]}]","[{""tool_name"": ""get_similar_work_items"", ""arguments"": [{""argument_name"": ""work_id"", ""argument_value"": ""TSK-300""}]}, {""tool_name"": ""summarize_objects"", ""arguments"": [{""argument_name"": ""objects"", ""argument_value"": ""['the list of similar work items obtained from the previous action']""}]}, {""tool_name"": ""get_sprint_id"", ""arguments"": []}, {""tool_name"": ""add_work_items_to_sprint"", ""arguments"": [{""argument_name"": ""work_ids"", ""argument_value"": ""[$$PREV[0]]""}, {""argument_name"": ""sprint_id"", ""argument_value"": ""$$PREV[2]""}]}]",38.34,0.07169,8558
4,"""Add all 'p2' priority issues in 'Graphic Design' part to the current sprint.""","[{""tool_name"": ""get_sprint_id"", ""arguments"": []}, {""tool_name"": ""works_list"", ""arguments"": [{""argument_name"": ""type"", ""argument_value"": [""issue""]},{""argument_name"": ""issue.priority"", ""argument_value"": [""p2""]}, {""argument_name"": ""applies_to_part"", ""argument_value"": [""Graphic Design""]}]}, {""tool_name"": ""add_work_items_to_sprint"", ""arguments"": [{""argument_name"": ""work_ids"", ""argument_value"": ""$$PREV[1]""}, {""argument_name"": ""sprint_id"", ""argument_value"": ""$$PREV[0]""}]}]","[{""tool_name"": ""get_sprint_id"", ""arguments"": []}, {""tool_name"": ""works_list"", ""arguments"": [{""argument_name"": ""issue.priority"", ""argument_value"": ""p2""}, {""argument_name"": ""limit"", ""argument_value"": ""all""}, {""argument_name"": ""applies_to_part"", ""argument_value"": ""[Graphic Design]""}]}]",34.79,0.04001,5784
5,Find similar work items to ISSUE-456 and add them to the current sprint.,"[{""tool_name"": ""get_similar_work_items"", ""arguments"": [{""argument_name"": ""work_id"", ""argument_value"": ""ISSUE-456""}]}, {""tool_name"": ""get_sprint_id"", ""arguments"": []}, {""tool_name"": ""add_work_items_to_sprint"", ""arguments"": [{""argument_name"": ""work_ids"", ""argument_value"": ""PREV[0]""}, {""argument_name"": ""sprint_id"", ""argument_value"": ""PREV[1]""}]}]","[{""tool_name"": ""get_similar_work_items"", ""arguments"": [{""argument_name"": ""work_id"", ""argument_value"": ""ISSUE-456""}]}, {""tool_name"": ""get_sprint_id"", ""arguments"": []}, {""tool_name"": ""add_work_items_to_sprint"", ""arguments"": [{""argument_name"": ""work_ids"", ""argument_value"": ""[$$PREV[0]]""}, {""argument_name"": ""sprint_id"", ""argument_value"": ""1""}]}]",26.58,0.05306,6593
6,"""Identify and prioritize all high severity tickets in 'SoftwareDeployment' part, add them to the current sprint.""","[{""tool_name"": ""get_sprint_id"", ""arguments"": []}, {""tool_name"": ""works_list"", ""arguments"": [{""argument_name"": ""ticket.severity"", ""argument_value"": [""high""]}, {""argument_name"": ""type"", ""argument_value"": [""ticket""]}, {""argument_name"": ""applies_to_part"", ""argument_value"": [""SoftwareDeployment""]}]}, {""tool_name"": ""add_work_items_to_sprint"", ""arguments"": [{""argument_name"": ""work_ids"", ""argument_value"": ""$$PREV[1]""}, {""argument_name"": ""sprint_id"", ""argument_value"": ""$$PREV[0]""}]}]","[{""tool_name"": ""works_list"", ""arguments"": [{""argument_name"": ""type"", ""argument_value"": ""[ticket]""}, {""argument_name"": ""ticket.severity"", ""argument_value"": ""[high]""}, {""argument_name"": ""applies_to_part"", ""argument_value"": ""[SoftwareDeployment]""}]}, {""tool_name"": ""prioritize_objects"", ""arguments"": [{""argument_name"": ""objects"", ""argument_value"": ""['work items']""}]}, {""tool_name"": ""get_sprint_id"", ""arguments"": []}, {""tool_name"": ""add_work_items_to_sprint"", ""arguments"": [{""argument_name"": ""work_ids"", ""argument_value"": ""['$$PREV[1]']""}, {""argument_name"": ""sprint_id"", ""argument_value"": ""$$PREV[2]""}]}]",48.93,0.07511,9745
7,"Find the priority of all tasks related to the part ""Alpha Project"" and add them to the current sprint.","[{""tool_name"": ""works_list"", ""arguments"": [{""argument_name"": ""applies_to_part"", ""argument_value"": [""Alpha Project""]}, {""argument_name"": ""type"", ""argument_value"": [""task""]}]}, {""tool_name"": ""prioritize_objects"", ""arguments"": [{""argument_name"": ""objects"", ""argument_value"": ""$$PREV[0]""}]}, {""tool_name"": ""get_sprint_id"", ""arguments"": []}, {""tool_name"": ""add_work_items_to_sprint"", ""arguments"": [{""argument_name"": ""work_ids"", ""argument_value"": ""$$PREV[1]""}, {""argument_name"": ""sprint_id"", ""argument_value"": ""$$PREV[2]""}]}]","[{""tool_name"": ""works_list"", ""arguments"": [{""argument_name"": ""limit"", ""argument_value"": ""Alpha Project""}, {""argument_name"": ""type"", ""argument_value"": ""[task]""}, {""argument_name"": ""applies_to_part"", ""argument_value"": ""[Alpha Project]""}]}, {""tool_name"": ""get_sprint_id"", ""arguments"": []}, {""tool_name"": ""add_work_items_to_sprint"", ""arguments"": [{""argument_name"": ""work_ids"", ""argument_value"": ""[$$PREV[0]]""}, {""argument_name"": ""sprint_id"", ""argument_value"": ""1""}]}]",53.02,0.06431,8210
8,"""Prioritize all P0 issues in the part 'CustomerExperience', add them to the current sprint.""","[{""tool_name"": ""get_sprint_id"", ""arguments"": []}, {""tool_name"": ""works_list"", ""arguments"": [{""argument_name"": ""issue.priority"", ""argument_value"": [""p0""]}, {""argument_name"": ""type"", ""argument_value"": [""issue""]}, {""argument_name"": ""applies_to_part"", ""argument_value"": [""CustomerExperience""]}]}, {""tool_name"": ""add_work_items_to_sprint"", ""arguments"": [{""argument_name"": ""work_ids"", ""argument_value"": ""$$PREV[1]""}, {""argument_name"": ""sprint_id"", ""argument_value"": ""$$PREV[0]""}]}]","[{""tool_name"": ""works_list"", ""arguments"": [{""argument_name"": ""issue.priority"", ""argument_value"": ""p0""}, {""argument_name"": ""limit"", ""argument_value"": ""all""}, {""argument_name"": ""applies_to_part"", ""argument_value"": ""[CustomerExperience]""}]}, {""tool_name"": ""prioritize_objects"", ""arguments"": [{""argument_name"": ""objects"", ""argument_value"": ""['prioritize_objects']""}]}, {""tool_name"": ""get_sprint_id"", ""arguments"": []}, {""tool_name"": ""add_work_items_to_sprint"", ""arguments"": [{""argument_name"": ""work_ids"", ""argument_value"": ""['$$PREV[1]']""}, {""argument_name"": ""sprint_id"", ""argument_value"": ""2""}]}]",68.79,0.09025,11334
0,"""Get tickets with medium severity from the 'Email' channel""","{ ""tool_name"": ""works_list"", ""arguments"": [ { ""argument_name"": ""ticket.severity"", ""argument_value"": ""medium"" }, { ""argument_name"": ""ticket.source_channel"", ""argument_value"": ""Email"" } , {""argument_name"": ""type"", ""argument_value"": [""ticket""]}] }","[{""tool_name"": ""works_list"", ""arguments"": [{""argument_name"": ""type"", ""argument_value"": ""['ticket']""}, {""argument_name"": ""ticket.severity"", ""argument_value"": ""[medium]""}, {""argument_name"": ""ticket.source_channel"", ""argument_value"": ""Email""}]}]",14.59,0.0079,4955
1,"""Identify tasks related to the 'Frontend' part""","{ ""tool_name"": ""works_list"", ""arguments"": [ { ""argument_name"": ""applies_to_part"", ""argument_value"": ""Frontend"" } , {""argument_name"": ""type"", ""argument_value"": [""task""]}] }","[{""tool_name"": ""works_list"", ""arguments"": [{""argument_name"": ""applies_to_part"", ""argument_value"": ""[Frontend]""}]}]",7.15,0.00689,4263
2,"""Find tasks related to 'ApplicationDevelopment' part""","{ ""tool_name"": ""works_list"", ""arguments"": [ { ""argument_name"": ""applies_to_part"", ""argument_value"": ""ApplicationDevelopment"" }, {""argument_name"": ""type"", ""argument_value"": [""task""]} ] }","[{""tool_name"": ""works_list"", ""arguments"": [{""argument_name"": ""type"", ""argument_value"": ""[task]""}, {""argument_name"": ""applies_to_part"", ""argument_value"": ""[ApplicationDevelopment]""}]}]",7.99,0.00773,4811
3,"""Create tasks from the text: 'Coordinate with vendors for equipment delivery'""","{ ""tool_name"": ""create_actionable_tasks_from_text"", ""arguments"": [ { ""argument_name"": ""text"", ""argument_value"": ""Coordinate with vendors for equipment delivery"" } ] }","[{""tool_name"": ""create_actionable_tasks_from_text"", ""arguments"": [{""argument_name"": ""text"", ""argument_value"": ""Coordinate with vendors for equipment delivery""}]}, {""tool_name"": ""works_list"", ""arguments"": [{""argument_name"": ""applies_to_part"", ""argument_value"": ""[equipment delivery]""}, {""argument_name"": ""created_by"", ""argument_value"": ""[vendors]""}]}, {""tool_name"": ""who_am_i"", ""arguments"": []}]",11.43,0.0125,7759
4,"""Find all P3 priority issues owned by 'Robin'""","{ ""tool_name"": ""works_list"", ""arguments"": [ { ""argument_name"": ""issue.priority"", ""argument_value"": ""p3"" }, { ""argument_name"": ""owned_by"", ""argument_value"": ""Robin"" }, {""argument_name"": ""type"", ""argument_value"": [""issue""]} ] }","[{""tool_name"": ""works_list"", ""arguments"": [{""argument_name"": ""issue.rev_orgs"", ""argument_value"": ""[Robin]""}, {""argument_name"": ""owned_by"", ""argument_value"": ""[Robin]""}]}]",7.05,0.00744,4616
5,"""Find tasks in the 'Deployment' stage owned by 'Riley'""","{ ""tool_name"": ""works_list"", ""arguments"": [ { ""argument_name"": ""stage.name"", ""argument_value"": ""Deployment"" }, { ""argument_name"": ""owned_by"", ""argument_value"": ""Riley"", {""argument_name"": ""type"", ""argument_value"": [""task""]} } ] }","[{""tool_name"": ""works_list"", ""arguments"": [{""argument_name"": ""stage.name"", ""argument_value"": ""[Deployment]""}, {""argument_name"": ""owned_by"", ""argument_value"": ""[Riley]""}]}]",6.43,0.0076,4732
6,Search for customer profile of CustomerXYZ.,"{""tool_name"": ""search_object_by_name"", ""arguments"": [{""argument_name"": ""query"", ""argument_value"": ""CustomerXYZ""}]}","[{""tool_name"": ""who_am_i"", ""arguments"": []}, {""tool_name"": ""search_object_by_name"", ""arguments"": [{""argument_name"": ""query"", ""argument_value"": ""customer_profile""}]}, {""tool_name"": ""works_list"", ""arguments"": [{""argument_name"": ""applies_to_part"", ""argument_value"": ""[customer_profile]""}, {""argument_name"": ""owned_by"", ""argument_value"": ""[CustomerXYZ]""}]}]",12.72,0.0132,8157
7,List all tasks in the 'product testing' stage for part DEF123.,"{""tool_name"": ""works_list"", ""arguments"": [{""argument_name"": ""stage.name"", ""argument_value"": [""product testing""]}, {""argument_name"": ""applies_to_part"", ""argument_value"": [""DEF123""]}, {""argument_name"": ""type"", ""argument_value"": [""task""]}]}","[{""tool_name"": ""works_list"", ""arguments"": [{""argument_name"": ""stage.name"", ""argument_value"": ""[product testing]""}, {""argument_name"": ""applies_to_part"", ""argument_value"": ""[DEF123]""}]}]",7.33,0.00793,4874
8,Find similar tasks to TASK-654 for quality control.,"{""tool_name"": ""get_similar_work_items"", ""arguments"": [{""argument_name"": ""work_id"", ""argument_value"": ""TASK-654""}]}","[{""tool_name"": ""get_similar_work_items"", ""arguments"": [{""argument_name"": ""work_id"", ""argument_value"": ""TASK-654""}]}]",5.52,0.0061,3813
9,Get a list of all tasks in the 'feasibility study' stage for Part678.,"{""tool_name"": ""works_list"", ""arguments"": [{""argument_name"": ""stage.name"", ""argument_value"": [""feasibility study""]}, {""argument_name"": ""applies_to_part"", ""argument_value"": [""Part678""]}, {""argument_name"": ""type"", ""argument_value"": [""task""]}]}","[{""tool_name"": ""works_list"", ""arguments"": [{""argument_name"": ""stage.name"", ""argument_value"": ""[feasibility study]""}, {""argument_name"": ""applies_to_part"", ""argument_value"": ""[Part678]""}]}]",9.41,0.0082,5016
10,"""Get tickets with 'blocker' severity that need a response""","{ ""tool_name"": ""works_list"", ""arguments"": [ { ""argument_name"": ""ticket.severity"", ""argument_value"": ""blocker"" }, { ""argument_name"": ""ticket.needs_response"", ""argument_value"": true } , {""argument_name"": ""type"", ""argument_value"": [""ticket""]}] }","[{""tool_name"": ""works_list"", ""arguments"": [{""argument_name"": ""type"", ""argument_value"": ""[ticket]""}, {""argument_name"": ""ticket.severity"", ""argument_value"": ""[blocker]""}, {""argument_name"": ""ticket.needs_response"", ""argument_value"": ""True""}]}]",10.34,0.00852,5241
11,Find issues in the 'implementation' phase for Part890.,"{""tool_name"": ""works_list"", ""arguments"": [{""argument_name"": ""stage.name"", ""argument_value"": [""implementation""]}, {""argument_name"": ""applies_to_part"", ""argument_value"": [""Part890""]}, {""argument_name"": ""type"", ""argument_value"": [""issue""]}]}","[{""tool_name"": ""works_list"", ""arguments"": [{""argument_name"": ""type"", ""argument_value"": ""[issues]""}, {""argument_name"": ""stage.name"", ""argument_value"": ""[implementation]""}, {""argument_name"": ""applies_to_part"", ""argument_value"": ""[Part890]""}]}]",12.34,0.0089,5525
12,Find similar work items to TASK-123.,"{""tool_name"": ""get_similar_work_items"", ""arguments"": [{""argument_name"": ""work_id"", ""argument_value"": ""TASK-123""}]}","[{""tool_name"": ""get_similar_work_items"", ""arguments"": [{""argument_name"": ""work_id"", ""argument_value"": ""TASK-123""}]}, {""tool_name"": ""works_list"", ""arguments"": [{""argument_name"": ""type"", ""argument_value"": ""[task]""}, {""argument_name"": ""ticket.needs_response"", ""argument_value"": ""True""}, {""argument_name"": ""issue.rev_orgs"", ""argument_value"": ""[task]""}, {""argument_name"": ""applies_to_part"", ""argument_value"": ""[task]""}, {""argument_name"": ""ticket.rev_org"", ""argument_value"": ""[task]""}, {""argument_name"": ""created_by"", ""argument_value"": ""[task]""}]}]",12.46,0.01139,7150
13,Summarize the details of tickets TKT-301 to TKT-305.,"{""tool_name"": ""summarize_objects"", ""arguments"": [{""argument_name"": ""objects"", ""argument_value"": [""TKT-301"", ""TKT-302"", ""TKT-303"", ""TKT-304"", ""TKT-305""]}]}","[{""tool_name"": ""summarize_objects"", ""arguments"": [{""argument_name"": ""objects"", ""argument_value"": ""['TKT-301', 'TKT-302', 'TKT-303', 'TKT-304', 'TKT-305']""}]}, {""tool_name"": ""works_list"", ""arguments"": [{""argument_name"": ""type"", ""argument_value"": ""['ticket']""}, {""argument_name"": ""ticket.source_channel"", ""argument_value"": ""TKT-301 to TKT-305""}]}, {""tool_name"": ""works_list"", ""arguments"": []}]",16.8,0.01493,9104
14,"""Find tasks related to 'ServerUpgrade' part""","{ ""tool_name"": ""works_list"", ""arguments"": [ { ""argument_name"": ""applies_to_part"", ""argument_value"": ""ServerUpgrade"" }, {""argument_name"": ""type"", ""argument_value"": [""task""]} ] }","[{""tool_name"": ""works_list"", ""arguments"": [{""argument_name"": ""applies_to_part"", ""argument_value"": ""[ServerUpgrade]""}]}]",5.88,0.00693,4281
15,Create tasks from a market analysis report about Project B 'MA'.,"{""tool_name"": ""create_actionable_tasks_from_text"", ""arguments"": [{""argument_name"": ""text"", ""argument_value"": ""MA""}]}","[{""tool_name"": ""create_actionable_tasks_from_text"", ""arguments"": [{""argument_name"": ""text"", ""argument_value"": ""Project B""}]}]",7.01,0.00699,4263
16,"""Search for user 'Morgan' in the system""","{ ""tool_name"": ""search_object_by_name"", ""arguments"": [ { ""argument_name"": ""query"", ""argument_value"": ""Morgan"" } ] }","[{""tool_name"": ""works_list"", ""arguments"": [{""argument_name"": ""created_by"", ""argument_value"": ""[Morgan]""}]}, {""tool_name"": ""search_object_by_name"", ""arguments"": [{""argument_name"": ""query"", ""argument_value"": ""Morgan""}]}, {""tool_name"": ""works_list"", ""arguments"": [{""argument_name"": ""owned_by"", ""argument_value"": ""[$$PREV[2]]""}]}]",13.78,0.0147,9178
17,"""List all P2 priority issues under 'Client Relations' part""","{ ""tool_name"": ""works_list"", ""arguments"": [ { ""argument_name"": ""issue.priority"", ""argument_value"": ""p2"" }, { ""argument_name"": ""applies_to_part"", ""argument_value"": ""Client Relations"" }, {""argument_name"": ""type"", ""argument_value"": [""issue""]} ] }","[{""tool_name"": ""works_list"", ""arguments"": [{""argument_name"": ""issue.priority"", ""argument_value"": ""p2""}, {""argument_name"": ""applies_to_part"", ""argument_value"": ""[Client Relations]""}]}]",8.44,0.00844,5145
18,"""List all tasks in the 'Quality Assurance' stage""","{ ""tool_name"": ""works_list"", ""arguments"": [ { ""argument_name"": ""stage.name"", ""argument_value"": ""Quality Assurance"" }, {""argument_name"": ""type"", ""argument_value"": [""task""]} ] }","[{""tool_name"": ""works_list"", ""arguments"": [{""argument_name"": ""stage.name"", ""argument_value"": ""[Quality Assurance]""}]}]",7.55,0.00703,4332
19,List all medium severity tickets from the engineering part.,"{""tool_name"": ""works_list"", ""arguments"": [{""argument_name"": ""ticket.severity"", ""argument_value"": [""medium""]}, {""argument_name"": ""owned_by"", ""argument_value"": [""engineering""]}, {""argument_name"": ""type"", ""argument_value"": [""ticket""]}]}","[{""tool_name"": ""works_list"", ""arguments"": [{""argument_name"": ""type"", ""argument_value"": ""['ticket']""}, {""argument_name"": ""ticket.severity"", ""argument_value"": ""[medium]""}, {""argument_name"": ""ticket.needs_response"", ""argument_value"": ""True""}, {""argument_name"": ""applies_to_part"", ""argument_value"": ""[engineering]""}]}, {""tool_name"": ""works_list"", ""arguments"": [{""argument_name"": ""type"", ""argument_value"": ""['ticket']""}, {""argument_name"": ""ticket.severity"", ""argument_value"": ""[medium]""}, {""argument_name"": ""ticket.needs_response"", ""argument_value"": ""True""}, {""argument_name"": ""applies_to_part"", ""argument_value"": ""[engineering]""}]}, {""tool_name"": ""works_list"", ""arguments"": [{""argument_name"": ""type"", ""argument_value"": ""['ticket']""}, {""argument_name"": ""ticket.severity"", ""argument_value"": ""[medium]""}, {""argument_name"": ""ticket.needs_response"", ""argument_value"": ""True""}, {""argument_name"": ""applies_to_part"", ""argument_value"": ""[engineering]""}]}]",27.01,0.02086,12873
20,"Create actionable tasks from the notes of a sales meeting, 'SN'.","{""tool_name"": ""create_actionable_tasks_from_text"", ""arguments"": [{""argument_name"": ""text"", ""argument_value"": ""SN""}]}","[{""tool_name"": ""create_actionable_tasks_from_text"", ""arguments"": [{""argument_name"": ""text"", ""argument_value"": ""SN""}]}, {""tool_name"": ""works_list"", ""arguments"": [{""argument_name"": ""created_by"", ""argument_value"": ""[who_am_i]""}]}, {""tool_name"": ""works_list"", ""arguments"": [{""argument_name"": ""type"", ""argument_value"": ""[create_actionable_tasks_from_text]""}, {""argument_name"": ""applies_to_part"", ""argument_value"": ""[create_actionable_tasks_from_text]""}]}]",14.26,0.01509,9443
21,"""Create tasks from the text: 'Prepare annual budget report and schedule review meeting'""","{ ""tool_name"": ""create_actionable_tasks_from_text"", ""arguments"": [ { ""argument_name"": ""text"", ""argument_value"": ""Prepare annual budget report and schedule review meeting"" } ] }","[{""tool_name"": ""create_actionable_tasks_from_text"", ""arguments"": [{""argument_name"": ""text"", ""argument_value"": ""\""Prepare annual budget report and schedule review meeting\""""}]}, {""tool_name"": ""works_list"", ""arguments"": [{""argument_name"": ""type"", ""argument_value"": ""[task]""}, {""argument_name"": ""applies_to_part"", ""argument_value"": ""[\""annual\""]""}]}]",11.18,0.01013,6323
22,"""Find tasks related to 'CloudMigration' part""","{ ""tool_name"": ""works_list"", ""arguments"": [ { ""argument_name"": ""applies_to_part"", ""argument_value"": ""CloudMigration"" }, {""argument_name"": ""type"", ""argument_value"": [""task""]} ] }","[{""tool_name"": ""works_list"", ""arguments"": []}]",5.67,0.0065,3999
23,"""Get tickets with 'low' severity that need a response""","{ ""tool_name"": ""works_list"", ""arguments"": [ { ""argument_name"": ""ticket.severity"", ""argument_value"": ""low"" }, { ""argument_name"": ""ticket.needs_response"", ""argument_value"": true }, {""argument_name"": ""type"", ""argument_value"": [""ticket""]} ] }","[{""tool_name"": ""works_list"", ""arguments"": [{""argument_name"": ""type"", ""argument_value"": ""[ticket]""}, {""argument_name"": ""ticket.severity"", ""argument_value"": ""[low]""}, {""argument_name"": ""ticket.needs_response"", ""argument_value"": ""True""}]}]",9.92,0.00828,5120
24,Get all tickets needing a response from the support team.,"{""tool_name"": ""works_list"", ""arguments"": [{""argument_name"": ""ticket.needs_response"", ""argument_value"": true}, {""argument_name"": ""owned_by"", ""argument_value"": [""support""]}, {""argument_name"": ""type"", ""argument_value"": [""ticket""]}]}","[{""tool_name"": ""works_list"", ""arguments"": [{""argument_name"": ""type"", ""argument_value"": ""[ticket]""}, {""argument_name"": ""ticket.needs_response"", ""argument_value"": ""True""}]}]",8.37,0.00756,4672
25,"""List all low severity tickets created by 'Emily'""","{ ""tool_name"": ""works_list"", ""arguments"": [ { ""argument_name"": ""ticket.severity"", ""argument_value"": ""low"" }, { ""argument_name"": ""created_by"", ""argument_value"": ""Emily"" }, {""argument_name"": ""type"", ""argument_value"": [""ticket""]} ] }","[{""tool_name"": ""works_list"", ""arguments"": [{""argument_name"": ""ticket.severity"", ""argument_value"": ""[low]""}, {""argument_name"": ""created_by"", ""argument_value"": ""[Emily]""}]}, {""tool_name"": ""works_list"", ""arguments"": [{""argument_name"": ""ticket.severity"", ""argument_value"": ""[low]""}, {""argument_name"": ""created_by"", ""argument_value"": ""[Emily]""}]}, {""tool_name"": ""works_list"", ""arguments"": [{""argument_name"": ""ticket.severity"", ""argument_value"": ""[low]""}, {""argument_name"": ""created_by"", ""argument_value"": ""[Emily]""}]}, {""tool_name"": ""works_list"", ""arguments"": [{""argument_name"": ""ticket.severity"", ""argument_value"": ""[low]""}, {""argument_name"": ""created_by"", ""argument_value"": ""[Emily]""}]}]",23.88,0.02318,14282
26,List all P1 priority issues in the 'validation' stage.,"{""tool_name"": ""works_list"", ""arguments"": [{""argument_name"": ""issue.priority"", ""argument_value"": [""p1""]}, {""argument_name"": ""stage.name"", ""argument_value"": [""validation""]}, {""argument_name"": ""type"", ""argument_value"": [""issue""]}]}","[{""tool_name"": ""works_list"", ""arguments"": [{""argument_name"": ""issue.priority"", ""argument_value"": ""p1""}, {""argument_name"": ""stage.name"", ""argument_value"": ""[validation]""}]}]",7.86,0.00852,5299
27,"""Search for a part named 'CustomerPortal'""","{ ""tool_name"": ""search_object_by_name"", ""arguments"": [ { ""argument_name"": ""query"", ""argument_value"": ""CustomerPortal"" } ] }","[{""tool_name"": ""search_object_by_name"", ""arguments"": [{""argument_name"": ""query"", ""argument_value"": ""CustomerPortal""}]}]",6.38,0.00649,4060
28,Get a list of all P2 priority issuesfrom the owned by finance team.,"{""tool_name"": ""works_list"", ""arguments"": [{""argument_name"": ""issue.priority"", ""argument_value"": [""p2""]}, {""argument_name"": ""owned_by"", ""argument_value"": [""finance team""]}, {""argument_name"": ""type"", ""argument_value"": [""issue""]}]}","[{""tool_name"": ""works_list"", ""arguments"": [{""argument_name"": ""issue.priority"", ""argument_value"": ""p2""}, {""argument_name"": ""type"", ""argument_value"": ""[issues]""}, {""argument_name"": ""owned_by"", ""argument_value"": ""[finance team]""}]}, {""tool_name"": ""works_list"", ""arguments"": [{""argument_name"": ""issue.priority"", ""argument_value"": ""p2""}, {""argument_name"": ""type"", ""argument_value"": ""[issues]""}, {""argument_name"": ""owned_by"", ""argument_value"": ""[finance team]""}]}, {""tool_name"": ""prioritize_objects"", ""arguments"": [{""argument_name"": ""objects"", ""argument_value"": ""['0']""}]}]",23.17,0.01777,11023
29,Find the sprint ID for the current period.,"{""tool_name"": ""get_sprint_id"", ""arguments"": []}","[{""tool_name"": ""get_sprint_id"", ""arguments"": []}, {""tool_name"": ""works_list"", ""arguments"": [{""argument_name"": ""type"", ""argument_value"": ""[task]""}, {""argument_name"": ""owned_by"", ""argument_value"": ""[current user]""}]}]",10.71,0.01152,7154
